City_ID,City,Country,Date,Lat,Lng,Max Temp,Humidity,Cloudiness,Wind Speed
0,Constitucion,CL,2022-03-29 06:56:40,-35.3333,-72.4167,52.68,80,1,5.86
1,Vaini,TO,2022-03-29 06:56:40,-21.2,-175.2,78.96,73,40,9.22
2,Ushuaia,AR,2022-03-29 06:56:03,-54.8,-68.3,38.86,87,75,21.85
3,Jamestown,US,2022-03-29 06:53:08,42.097,-79.2353,20.71,63,75,6.91
4,Alyangula,AU,2022-03-29 06:56:41,-13.8483,136.4192,91.27,55,100,10.36
5,Cape Town,ZA,2022-03-29 06:56:41,-33.9258,18.4232,65.12,76,100,20.71
6,Kavieng,PG,2022-03-29 06:56:41,-2.5744,150.7967,83.14,72,5,14.92
7,Punta Arenas,CL,2022-03-29 06:56:42,-53.15,-70.9167,39.31,70,0,12.66
8,Rikitea,PF,2022-03-29 06:56:42,-23.1203,-134.9692,77.88,70,90,2.26
9,Qaanaaq,GL,2022-03-29 06:56:42,77.484,-69.3632,9.25,96,100,0.25
10,Dingle,PH,2022-03-29 06:56:43,10.9995,122.6711,87.57,56,59,18.16
11,Walla Walla,US,2022-03-29 06:54:35,46.0646,-118.343,55.76,72,6,10.0
12,Lebu,CL,2022-03-29 06:56:43,-37.6167,-73.65,54.63,76,99,15.1
13,Ponta Do Sol,PT,2022-03-29 06:56:43,32.6667,-17.1,62.01,75,57,6.89
14,Belle Glade,US,2022-03-29 06:56:44,26.6845,-80.6676,67.01,69,13,5.97
15,Tasiilaq,GL,2022-03-29 06:56:44,65.6145,-37.6368,22.14,88,100,12.71
16,Yaan,NG,2022-03-29 06:56:44,7.3833,8.5667,80.87,75,21,6.8
17,Siddipet,IN,2022-03-29 06:56:44,18.1,78.85,100.6,12,7,6.91
18,Tuktoyaktuk,CA,2022-03-29 06:56:45,69.4541,-133.0374,-18.94,99,41,7.9
19,Chuy,UY,2022-03-29 06:56:45,-33.6971,-53.4616,60.87,90,5,8.1
20,Bluff,NZ,2022-03-29 06:56:45,-46.6,168.3333,60.33,81,41,4.27
21,Bethel,US,2022-03-29 06:56:46,41.3712,-73.414,23.49,64,7,8.01
22,Hilo,US,2022-03-29 06:53:33,19.7297,-155.09,74.93,84,100,3.44
23,Hermanus,ZA,2022-03-29 06:56:46,-34.4187,19.2345,70.81,66,97,12.86
24,Busselton,AU,2022-03-29 06:56:46,-33.65,115.3333,77.95,55,100,16.31
25,Aksarka,RU,2022-03-29 06:56:47,66.5606,67.7975,32.11,100,100,15.05
26,Dwarka,IN,2022-03-29 06:56:47,22.2394,68.9678,85.91,53,5,12.3
27,Kodiak,US,2022-03-29 06:52:42,57.79,-152.4072,36.91,87,100,5.75
28,Vanimo,PG,2022-03-29 06:56:47,-2.6741,141.3028,81.64,86,92,11.99
29,Mar Del Plata,AR,2022-03-29 06:55:32,-38.0023,-57.5575,64.87,89,0,11.5
30,Kumluca,TR,2022-03-29 06:56:48,36.3703,30.2869,60.37,51,100,5.48
31,Riwaka,NZ,2022-03-29 06:56:48,-41.0833,173.0,61.43,78,99,1.99
32,Sorland,NO,2022-03-29 06:56:48,67.667,12.6934,31.86,53,100,23.94
33,Kaitangata,NZ,2022-03-29 06:56:49,-46.2817,169.8464,57.04,92,100,3.44
34,Vila Franca Do Campo,PT,2022-03-29 06:56:49,37.7167,-25.4333,54.01,87,78,4.05
35,Muyezerskiy,RU,2022-03-29 06:56:49,63.9333,31.65,15.71,88,96,8.46
36,Rorvik,NO,2022-03-29 06:56:50,64.8621,11.2373,26.71,68,0,4.61
37,Avarua,CK,2022-03-29 06:56:50,-21.2078,-159.775,77.05,88,91,4.61
38,Puerto Ayora,EC,2022-03-29 06:56:50,-0.7393,-90.3518,77.4,86,48,5.17
39,Hobart,AU,2022-03-29 06:56:15,-42.8794,147.3294,69.26,78,40,19.57
40,Iqaluit,CA,2022-03-29 06:56:51,63.7506,-68.5145,11.93,92,100,3.44
41,Flinders,AU,2022-03-29 06:56:51,-34.5833,150.8552,68.38,94,100,4.56
42,Port Hardy,CA,2022-03-29 06:57:52,50.6996,-127.4199,44.6,100,20,4.61
43,Hithadhoo,MV,2022-03-29 06:57:52,-0.6,73.0833,81.7,65,1,6.64
44,Pacific Grove,US,2022-03-29 06:57:52,36.6177,-121.9166,52.09,92,19,7.0
45,Kuito,AO,2022-03-29 06:57:52,-12.3833,16.9333,62.83,88,100,2.68
46,Butaritari,KI,2022-03-29 06:57:53,3.0707,172.7902,81.28,71,38,9.15
47,Albany,US,2022-03-29 06:57:53,42.6001,-73.9662,17.76,64,23,1.01
48,Port Lincoln,AU,2022-03-29 06:57:53,-34.7333,135.8667,68.29,62,5,11.63
49,Cockburn Town,TC,2022-03-29 06:57:25,21.4612,-71.1419,76.64,64,67,15.32
50,Hambantota,LK,2022-03-29 06:57:54,6.1241,81.1185,89.94,70,40,5.75
51,Monaco-Ville,FR,2022-03-29 06:57:54,43.731,7.4248,58.53,59,0,5.75
52,Muzhi,RU,2022-03-29 06:57:54,65.3667,64.6667,30.63,99,100,1.95
53,Cabo San Lucas,MX,2022-03-29 06:54:08,22.8909,-109.9124,70.61,51,92,15.88
54,Kalabo,ZM,2022-03-29 06:57:55,-14.97,22.6814,67.24,92,100,5.64
55,Praia Da Vitoria,PT,2022-03-29 06:57:55,38.7333,-27.0667,57.76,88,40,6.67
56,Olafsvik,IS,2022-03-29 06:57:55,64.8945,-23.7142,34.75,80,100,13.33
57,Yellowknife,CA,2022-03-29 06:57:56,62.456,-114.3525,8.29,89,100,2.3
58,Acapulco,MX,2022-03-29 06:56:35,16.8634,-99.8901,75.02,43,6,4.32
59,Tiksi,RU,2022-03-29 06:57:56,71.6872,128.8694,2.21,85,100,4.03
60,Mataura,NZ,2022-03-29 06:57:56,-46.1927,168.8643,58.14,83,100,2.01
61,Bairiki,KI,2022-03-29 06:57:57,1.3292,172.9752,84.2,74,20,5.75
62,Saint-Joseph,RE,2022-03-29 06:57:57,-21.3667,55.6167,83.21,74,85,0.67
63,Soto La Marina,MX,2022-03-29 06:57:57,23.7667,-98.2167,63.77,90,11,6.04
64,San Patricio,US,2022-03-29 06:57:57,28.017,-97.5169,72.9,94,100,16.69
65,Ust-Kan,RU,2022-03-29 06:57:58,50.9276,84.761,33.12,84,88,7.11
66,Sawtell,AU,2022-03-29 06:57:58,-30.3833,153.1,69.82,88,75,19.57
67,Brufut,GM,2022-03-29 06:57:58,13.3814,-16.7518,69.06,69,100,14.65
68,Huilong,CN,2022-03-29 06:57:59,31.8111,121.655,56.32,68,33,13.18
69,Haimen,CN,2022-03-29 06:57:59,23.1935,116.6142,69.69,77,96,17.49
70,Orono,US,2022-03-29 06:55:32,44.8831,-68.672,20.34,70,100,11.07
71,Kapaa,US,2022-03-29 06:57:59,22.0752,-159.319,72.12,84,100,8.77
72,Andradina,BR,2022-03-29 06:58:00,-20.8961,-51.3794,68.25,91,0,7.14
73,Dali,CN,2022-03-29 06:58:00,25.7,100.1833,66.79,47,66,8.68
74,Joshimath,IN,2022-03-29 06:58:01,30.5667,79.5667,76.12,30,0,6.51
75,Lincoln,US,2022-03-29 06:58:01,40.8,-96.667,41.13,55,41,10.0
76,Tupa,BR,2022-03-29 06:56:14,-21.9347,-50.5136,66.7,95,0,6.89
77,Salalah,OM,2022-03-29 06:58:01,17.0151,54.0924,88.16,17,0,18.05
78,Atyrau,KZ,2022-03-29 06:58:02,47.1167,51.8833,42.82,52,40,38.03
79,Arraial Do Cabo,BR,2022-03-29 06:58:02,-22.9661,-42.0278,73.26,94,40,3.44
80,Amos,CA,2022-03-29 06:58:02,48.5669,-78.1162,0.18,99,80,3.76
81,Erdenet,MN,2022-03-29 06:58:03,49.0333,104.0833,34.11,37,73,4.43
82,Valparaiso,CL,2022-03-29 06:58:03,-33.0393,-71.6273,57.47,66,0,3.44
83,Srednekolymsk,RU,2022-03-29 06:58:03,67.45,153.6833,9.1,89,18,9.33
84,Norman Wells,CA,2022-03-29 06:58:04,65.282,-126.8329,1.44,71,20,5.75
85,Ippy,CF,2022-03-29 06:58:04,6.2679,21.2247,88.95,12,15,4.09
86,New Norfolk,AU,2022-03-29 06:58:04,-42.7826,147.0587,68.9,52,98,1.01
87,Bjerkvik,NO,2022-03-29 06:58:05,68.5597,17.5189,22.68,92,100,2.64
88,Grindavik,IS,2022-03-29 06:58:05,63.8424,-22.4338,37.87,75,75,12.66
89,Saint-Philippe,RE,2022-03-29 06:58:05,-21.3585,55.7679,84.22,76,91,6.26
90,Bredasdorp,ZA,2022-03-29 06:56:36,-34.5322,20.0403,71.29,42,100,9.26
91,Vengerovo,RU,2022-03-29 06:59:06,55.6848,76.7471,31.39,99,100,10.85
92,Riyadh,SA,2022-03-29 06:59:06,24.6877,46.7219,62.74,17,1,12.57
93,Rodrigues Alves,BR,2022-03-29 06:59:06,-7.738,-72.6509,71.8,99,100,1.72
94,Sweetwater,US,2022-03-29 06:59:07,25.7634,-80.3731,69.01,85,7,6.02
95,Charqueada,BR,2022-03-29 06:59:07,-22.5097,-47.7781,65.19,98,38,3.47
96,Bundaberg,AU,2022-03-29 06:59:07,-24.85,152.35,86.29,42,74,9.22
97,Khani,GE,2022-03-29 06:59:08,41.9563,42.9566,38.77,92,16,5.57
98,Ketchikan,US,2022-03-29 06:59:08,55.3422,-131.6461,42.96,72,100,4.0
99,Bonavista,CA,2022-03-29 06:59:08,48.6499,-53.1147,32.23,99,100,13.53
100,Barrow,US,2022-03-29 06:59:09,71.2906,-156.7887,-11.09,94,65,18.43
101,Lavrentiya,RU,2022-03-29 06:59:09,65.5833,-171.0,-3.68,92,4,7.61
102,Zhangye,CN,2022-03-29 06:59:09,38.9342,100.4517,54.55,20,92,10.76
103,Lakes Entrance,AU,2022-03-29 06:59:09,-37.8811,147.981,67.15,77,100,6.49
104,Preobrazheniye,RU,2022-03-29 06:59:10,42.9019,133.9064,41.59,75,13,11.56
105,Tinaquillo,VE,2022-03-29 06:59:10,9.9186,-68.3047,70.81,84,100,3.56
106,Mahebourg,MU,2022-03-29 06:55:09,-20.4081,57.7,84.25,65,20,6.91
107,High Rock,BS,2022-03-29 06:59:10,26.6208,-78.2833,69.82,59,78,9.78
108,Atuona,PF,2022-03-29 06:59:11,-9.8,-139.0333,79.07,79,64,15.26
109,Kysyl-Syr,RU,2022-03-29 06:59:11,63.8986,122.7617,16.34,82,100,9.31
110,Champerico,GT,2022-03-29 06:59:11,14.3,-91.9167,81.28,69,96,7.74
111,Roros,NO,2022-03-29 06:59:12,62.5747,11.3842,21.04,73,20,8.05
112,Lazaro Cardenas,MX,2022-03-29 06:59:12,17.9583,-102.2,70.32,78,1,4.21
113,Jeremie,HT,2022-03-29 06:59:12,18.65,-74.1167,76.24,74,62,10.16
114,Port Alfred,ZA,2022-03-29 06:59:13,-33.5906,26.891,83.25,50,10,5.91
115,Mehamn,NO,2022-03-29 06:59:13,71.0357,27.8492,30.11,75,100,31.63
116,Nanakuli,US,2022-03-29 06:59:13,21.3906,-158.1547,75.11,69,100,4.9
117,Puerto El Triunfo,SV,2022-03-29 06:55:45,13.2833,-88.55,79.95,70,95,3.31
118,Luwuk,ID,2022-03-29 06:59:14,-0.9516,122.7875,82.87,80,98,2.48
119,Ahipara,NZ,2022-03-29 06:59:14,-35.1667,173.1667,64.67,85,0,10.29
120,Karratha,AU,2022-03-29 06:59:14,-20.7377,116.8463,89.6,51,17,12.21
121,Chardara,KZ,2022-03-29 06:59:15,41.2547,67.9692,49.24,38,89,23.51
122,Smithers,CA,2022-03-29 06:58:32,54.7804,-127.1743,37.72,65,100,2.3
123,Ribeira Grande,PT,2022-03-29 06:59:15,38.5167,-28.7,61.2,88,75,10.36
124,Lakatoro,VU,2022-03-29 06:59:15,-16.0999,167.4164,82.44,81,100,2.68
125,Khatanga,RU,2022-03-29 06:59:16,71.9667,102.5,2.43,86,100,7.83
126,Komsomolskiy,UZ,2022-03-29 06:59:16,40.4272,71.7189,50.72,53,75,34.52
127,Georgetown,MY,2022-03-29 06:59:09,5.4112,100.3354,91.33,74,20,9.22
128,Arequipa,PE,2022-03-29 06:59:16,-16.3989,-71.535,59.31,78,91,2.13
129,Torbay,CA,2022-03-29 06:59:17,47.6666,-52.7314,37.76,96,100,10.36
130,Kruisfontein,ZA,2022-03-29 06:59:17,-34.0033,24.7314,71.87,64,100,3.24
131,Talcahuano,CL,2022-03-29 06:55:15,-36.7167,-73.1167,55.6,88,47,10.47
132,Imbituba,BR,2022-03-29 06:59:17,-28.24,-48.6703,66.79,87,0,7.47
133,Roebourne,AU,2022-03-29 06:59:18,-20.7833,117.1333,91.02,46,67,12.53
134,Airai,TL,2022-03-29 06:59:18,-8.9266,125.4092,68.97,82,100,0.92
135,Charters Towers,AU,2022-03-29 07:00:18,-20.1,146.2667,91.09,20,0,13.69
136,Altay,CN,2022-03-29 07:00:19,47.8667,88.1167,35.55,63,20,1.34
137,East London,ZA,2022-03-29 06:56:54,-33.0153,27.9116,79.74,50,0,6.91
138,Lagoa,PT,2022-03-29 07:00:20,39.05,-27.9833,59.0,92,100,16.13
139,Usolye,RU,2022-03-29 07:00:20,59.4268,56.6808,21.27,72,100,8.03
140,Borovskoy,KZ,2022-03-29 07:00:20,53.8,64.15,26.64,90,100,12.17
141,Joacaba,BR,2022-03-29 07:00:21,-27.1781,-51.5047,63.3,93,27,6.02
142,Mount Pleasant,US,2022-03-29 07:00:07,32.7941,-79.8626,55.98,63,0,5.75
143,Faanui,PF,2022-03-29 07:00:21,-16.4833,-151.75,82.36,74,17,18.32
144,Noumea,NC,2022-03-29 07:00:17,-22.2763,166.4572,84.18,99,100,11.86
145,Batagay,RU,2022-03-29 07:00:22,67.6333,134.6333,14.11,81,100,2.37
146,Deputatskiy,RU,2022-03-29 07:00:22,69.3,139.9,-3.5,95,12,2.75
147,Asau,RO,2022-03-29 07:00:23,46.4333,26.4,40.12,46,100,5.26
148,Longyearbyen,SJ,2022-03-29 07:00:23,78.2186,15.6401,10.24,67,20,5.75
149,Matias Romero,MX,2022-03-29 07:00:24,16.8833,-95.0333,67.06,95,29,5.08
150,Mount Gambier,AU,2022-03-29 07:00:24,-37.8333,140.7667,62.49,55,90,9.1
151,Sao Joao Da Barra,BR,2022-03-29 07:00:24,-21.6403,-41.0511,75.49,87,100,3.51
152,Nanortalik,GL,2022-03-29 07:00:25,60.1432,-45.2371,25.81,76,50,4.47
153,Strezhevoy,RU,2022-03-29 07:00:25,60.7333,77.5889,30.92,88,100,11.88
154,Te Anau,NZ,2022-03-29 07:00:25,-45.4167,167.7167,60.37,77,100,1.68
155,Upernavik,GL,2022-03-29 07:00:26,72.7868,-56.1549,21.24,71,100,5.12
156,Vangaindrano,MG,2022-03-29 07:00:26,-23.35,47.6,76.71,82,41,9.62
157,Gorgan,IR,2022-03-29 07:00:26,36.8387,54.4348,54.66,67,52,7.05
158,Ivrea,IT,2022-03-29 07:00:27,45.4672,7.8762,53.98,52,84,1.52
159,Provideniya,RU,2022-03-29 07:00:27,64.3833,-173.3,5.65,79,8,9.01
160,Tazovskiy,RU,2022-03-29 07:00:28,67.4667,78.7,22.44,93,100,14.5
161,Kushmurun,KZ,2022-03-29 07:00:28,52.4503,64.6311,29.34,85,100,15.66
162,Antofagasta,CL,2022-03-29 07:00:28,-23.65,-70.4,63.45,84,51,5.77
163,Saskylakh,RU,2022-03-29 07:00:28,71.9167,114.0833,-1.17,89,100,11.63
164,Hasaki,JP,2022-03-29 07:00:29,35.7333,140.8333,50.4,61,100,8.14
165,Bastia,FR,2022-03-29 07:00:29,42.6667,9.3333,55.02,71,0,4.61
166,Kloulklubed,PW,2022-03-29 07:00:29,7.0419,134.2556,84.7,75,15,11.83
167,Sinjai,ID,2022-03-29 07:00:30,-5.1241,120.253,82.45,77,100,6.44
168,Ostrovnoy,RU,2022-03-29 07:00:30,68.0531,39.5131,21.92,86,100,11.54
169,Odweyne,SO,2022-03-29 07:00:30,9.4092,45.064,82.31,17,22,19.26
170,Wanning,CN,2022-03-29 07:00:31,18.8003,110.3967,78.39,85,48,10.16
171,Chokurdakh,RU,2022-03-29 07:00:31,70.6333,147.9167,-2.02,90,18,4.27
172,Nyurba,RU,2022-03-29 07:00:31,63.2842,118.3319,19.78,73,100,8.88
173,Fortuna,US,2022-03-29 07:00:32,40.5982,-124.1573,52.93,89,82,1.01
174,Broome,US,2022-03-29 07:00:32,42.2506,-75.833,20.62,79,100,8.01
175,Tilichiki,RU,2022-03-29 07:00:32,60.4667,166.1,21.43,81,100,25.72
176,Dakar,SN,2022-03-29 07:00:32,14.6937,-17.4441,65.28,84,19,21.23
177,Tiznit,MA,2022-03-29 07:00:33,29.5833,-9.5,57.99,70,28,3.31
178,Pevek,RU,2022-03-29 07:00:33,69.7008,170.3133,-13.02,95,90,0.72
179,Hamilton,US,2022-03-29 07:00:07,39.1834,-84.5333,33.24,56,100,1.99
180,Daye,CN,2022-03-29 07:00:33,30.0833,114.95,71.89,51,60,5.57
181,Saldanha,ZA,2022-03-29 07:00:34,-33.0117,17.9442,63.09,88,100,22.24
182,Ankang,CN,2022-03-29 07:00:34,32.68,109.0172,65.08,55,99,3.94
183,Tual,ID,2022-03-29 07:01:34,-5.6667,132.75,79.03,83,100,7.11
184,Thompson,CA,2022-03-29 07:00:07,55.7435,-97.8558,15.8,98,100,4.56
185,Pisco,PE,2022-03-29 07:01:35,-13.7,-76.2167,65.01,90,100,1.5
186,Macapa,BR,2022-03-29 06:58:41,0.0389,-51.0664,76.98,100,100,3.44
187,Inta,RU,2022-03-29 07:01:35,66.0317,60.1659,17.65,84,100,9.8
188,Saravan,AM,2022-03-29 07:01:35,39.7196,45.6483,33.75,63,0,2.24
189,Delijan,IR,2022-03-29 07:01:36,33.9905,50.6838,54.95,16,0,0.36
190,Najran,SA,2022-03-29 07:01:36,17.4924,44.1277,68.9,19,5,11.1
191,Saint-Georges,GD,2022-03-29 07:01:36,12.0564,-61.7485,76.84,77,27,13.33
192,Uruzgan,AF,2022-03-29 07:01:37,32.8333,66.0,67.71,8,3,2.91
193,Sabang,ID,2022-03-29 07:01:37,5.8933,95.3214,83.19,71,32,5.79
194,Falam,MM,2022-03-29 07:01:37,22.9167,93.6833,77.52,26,100,2.21
195,Glens Falls,US,2022-03-29 06:59:21,43.3095,-73.644,18.66,66,27,1.99
196,Hagerstown,US,2022-03-29 07:01:38,39.6418,-77.72,24.08,57,75,14.97
197,Nanga Eboko,CM,2022-03-29 07:01:38,4.6833,12.3667,74.55,75,100,4.05
198,Dikson,RU,2022-03-29 07:01:38,73.5069,80.5464,8.87,84,100,9.24
199,Saint George,US,2022-03-29 06:59:04,37.1041,-113.5841,56.62,65,100,7.0
200,Teahupoo,PF,2022-03-29 07:01:39,-17.8333,-149.2667,75.16,74,42,16.53
201,Saint-Francois,FR,2022-03-29 07:01:39,46.4154,3.9054,46.42,75,0,2.3
202,Messini,GR,2022-03-29 07:01:39,37.0511,22.0078,63.18,67,75,3.44
203,Weifang,CN,2022-03-29 07:00:12,36.71,119.1019,66.63,35,100,15.82
204,Klaksvik,FO,2022-03-29 07:01:39,62.2266,-6.589,32.92,60,100,19.91
205,Esperance,AU,2022-03-29 07:01:40,-33.8667,121.9,67.44,66,100,16.8
206,Coria,ES,2022-03-29 07:01:40,39.9879,-6.5377,53.46,85,90,4.09
207,Margate,GB,2022-03-29 07:01:40,51.3813,1.3862,47.3,89,100,4.0
208,Mao,ES,2022-03-29 07:01:41,39.8885,4.2658,55.96,94,20,10.36
209,Taganak,PH,2022-03-29 07:01:41,6.0833,118.3,82.62,72,100,7.67
210,Baruun-Urt,MN,2022-03-29 07:01:42,46.6806,113.2792,31.62,16,58,6.62
211,Achinsk,RU,2022-03-29 07:01:42,56.2694,90.4993,33.6,98,79,6.4
212,Kenai,US,2022-03-29 07:01:42,60.5544,-151.2583,37.09,83,100,12.24
213,Sur,OM,2022-03-29 07:01:42,22.5667,59.5289,83.79,52,0,7.58
214,Eirunepe,BR,2022-03-29 07:01:43,-6.6603,-69.8736,71.26,100,100,2.33
215,Cherskiy,RU,2022-03-29 07:01:43,68.75,161.3,2.12,88,100,6.04
216,Rock Sound,BS,2022-03-29 06:59:55,24.9,-76.2,72.97,53,2,4.23
217,Brigham City,US,2022-03-29 07:01:17,41.5102,-112.0155,54.54,69,100,13.8
218,Bengkulu,ID,2022-03-29 07:01:43,-3.8004,102.2655,84.67,64,100,11.21
219,Cotonou,BJ,2022-03-29 06:58:07,6.3654,2.4183,84.18,84,40,11.5
220,Shache,CN,2022-03-29 07:01:44,38.4167,77.2406,65.53,21,10,15.05
221,Waingapu,ID,2022-03-29 07:01:44,-9.6567,120.2641,83.01,74,66,2.01
222,Axim,GH,2022-03-29 07:01:44,4.8699,-2.2405,81.23,86,17,5.17
223,Madimba,TZ,2022-03-29 07:01:45,-10.4,40.3333,83.17,74,25,10.11
224,Pokosnoye,RU,2022-03-29 07:01:45,55.5258,101.0536,27.73,72,69,2.57
225,Kailua,US,2022-03-29 07:01:45,21.4022,-157.7394,75.15,83,100,1.01
226,Nemuro,JP,2022-03-29 07:01:45,43.3236,145.575,36.95,68,7,17.36
227,Maldonado,UY,2022-03-29 07:01:46,-34.6667,-54.9167,66.22,77,99,10.89
228,Downey,US,2022-03-29 06:59:29,33.94,-118.1326,56.75,92,100,1.05
229,Socorro,US,2022-03-29 07:02:46,31.6546,-106.3033,70.79,21,92,12.37
230,Bathsheba,BB,2022-03-29 07:02:47,13.2167,-59.5167,76.01,75,85,13.33
231,Kushiro,JP,2022-03-29 07:02:47,42.975,144.3747,38.34,69,8,8.95
232,Ucluelet,CA,2022-03-29 07:02:47,48.9329,-125.5528,48.09,91,14,1.01
233,Pangnirtung,CA,2022-03-29 07:02:47,66.1451,-65.7125,10.24,76,34,7.05
234,Basco,PH,2022-03-29 07:02:48,20.4487,121.9702,79.29,81,99,20.02
235,Abnub,EG,2022-03-29 07:02:48,27.2696,31.1511,66.27,25,0,9.19
236,Dickinson,US,2022-03-29 07:00:48,29.4608,-95.0513,71.17,90,100,10.36
237,Yar-Sale,RU,2022-03-29 07:02:48,66.8333,70.8333,32.2,93,100,20.96
238,Labuhan,ID,2022-03-29 07:02:49,-6.8844,112.2051,86.58,66,44,8.81
239,Dunedin,NZ,2022-03-29 07:02:49,-45.8742,170.5036,59.81,73,100,4.9
240,Dong Hoi,VN,2022-03-29 07:02:49,17.4833,106.6,75.09,78,52,6.58
241,Bambous Virieux,MU,2022-03-29 07:02:50,-20.3428,57.7575,84.45,65,40,3.44
242,Portland,US,2022-03-29 06:58:15,45.5234,-122.6762,52.63,86,72,3.0
243,Kamenka,RU,2022-03-29 07:02:50,51.3223,42.7678,36.0,97,38,17.96
244,Santa Fe,AR,2022-03-29 06:57:55,-31.6333,-60.7,69.01,84,0,4.0
245,Tuatapere,NZ,2022-03-29 07:02:50,-46.1333,167.6833,58.28,87,100,1.7
246,Seoul,KR,2022-03-29 07:01:53,37.5683,126.9778,63.79,31,1,8.5
247,Gigmoto,PH,2022-03-29 07:02:51,13.7796,124.39,82.35,78,37,12.35
248,Mizdah,LY,2022-03-29 07:02:51,31.4451,12.9801,58.23,63,5,5.14
249,Puerto Escondido,MX,2022-03-29 07:02:51,15.85,-97.0667,77.88,67,0,5.95
250,Itarema,BR,2022-03-29 07:02:52,-2.9248,-39.9167,73.99,96,92,7.83
251,Kahului,US,2022-03-29 07:02:52,20.8947,-156.47,74.84,80,100,1.99
252,Sitka,US,2022-03-29 07:02:52,57.0531,-135.33,36.57,98,100,4.61
253,Poopo,BO,2022-03-29 07:02:53,-18.3667,-66.9667,43.32,58,91,3.44
254,Lata,PT,2022-03-29 07:02:53,40.1629,-8.3327,55.92,93,100,2.68
255,Grand Island,US,2022-03-29 07:02:53,40.925,-98.342,40.01,60,0,12.66
256,Nikolskoye,RU,2022-03-29 07:02:53,59.7035,30.7861,23.81,76,100,5.48
257,Abonnema,NG,2022-03-29 07:02:54,4.7084,6.7931,83.32,75,75,4.54
258,Tsiroanomandidy,MG,2022-03-29 07:02:54,-18.7667,46.0333,77.07,67,9,9.26
259,Husavik,IS,2022-03-29 07:02:54,66.0449,-17.3389,22.05,83,25,8.97
260,Alofi,NU,2022-03-29 07:02:55,-19.0595,-169.9187,79.77,80,100,14.32
261,Cidreira,BR,2022-03-29 07:02:55,-30.1811,-50.2056,69.73,82,0,15.88
262,Nchelenge,ZM,2022-03-29 07:02:55,-9.3451,28.734,73.2,79,90,3.09
263,Surt,LY,2022-03-29 07:02:56,31.2089,16.5887,59.9,78,100,5.75
264,Portknockie,GB,2022-03-29 07:02:56,57.7025,-2.8599,43.09,91,100,3.0
265,La Ronge,CA,2022-03-29 07:02:56,55.1001,-105.2842,24.26,97,100,6.08
266,Todos Santos,MX,2022-03-29 07:02:57,23.45,-110.2167,66.6,60,100,6.98
267,Chipinge,ZW,2022-03-29 07:02:57,-20.1883,32.6236,64.87,73,66,5.88
268,Kasangulu,CD,2022-03-29 07:02:57,-4.5911,15.1708,73.18,91,100,2.15
269,Luderitz,NA,2022-03-29 07:02:57,-26.6481,15.1594,62.96,84,97,1.68
270,San Quintin,MX,2022-03-29 07:02:58,30.4833,-115.95,58.3,86,47,12.5
271,Brigantine,US,2022-03-29 07:02:58,39.4101,-74.3646,27.05,51,20,10.36
272,Omboue,GA,2022-03-29 07:02:58,-1.5746,9.2618,76.26,91,100,6.98
273,Kununurra,AU,2022-03-29 07:02:58,-15.7667,128.7333,100.38,32,100,3.44
274,Belmonte,BR,2022-03-29 07:02:59,-15.8631,-38.8828,76.39,84,84,5.23
275,Great Yarmouth,GB,2022-03-29 07:02:59,52.6083,1.7305,43.45,84,98,7.38
276,Fairbanks,US,2022-03-29 07:02:48,64.8378,-147.7164,22.48,94,100,4.07
277,Henties Bay,NA,2022-03-29 07:04:00,-22.116,14.2845,63.16,87,23,7.94
278,Kandrian,PG,2022-03-29 07:04:00,-6.2167,149.55,80.55,79,100,4.92
279,Padang,ID,2022-03-29 07:04:00,-0.9492,100.3543,87.85,60,4,7.58
280,Dunmore Town,BS,2022-03-29 07:04:01,25.5,-76.65,73.29,50,5,2.71
281,Lingao,CN,2022-03-29 07:04:01,19.9103,109.6859,74.75,87,98,14.83
282,Pauini,BR,2022-03-29 07:04:01,-7.7136,-66.9764,72.54,100,100,0.92
283,Rio Branco,BR,2022-03-29 07:04:01,-9.9747,-67.81,72.25,97,77,2.1
284,Cam Ranh,VN,2022-03-29 07:04:02,11.9214,109.1591,87.76,62,40,12.66
285,Creel,MX,2022-03-29 07:04:02,27.75,-107.6333,40.66,25,7,5.08
286,Hobyo,SO,2022-03-29 07:04:02,5.3505,48.5268,85.15,60,14,18.01
287,Spencer,US,2022-03-29 07:04:03,43.1414,-95.1444,37.51,52,100,16.11
288,Petropavlovsk-Kamchatskiy,RU,2022-03-29 07:04:03,53.0452,158.6483,27.63,63,5,23.24
289,Los Llanos De Aridane,ES,2022-03-29 07:04:03,28.6585,-17.9182,58.75,86,40,8.01
290,Ancud,CL,2022-03-29 07:04:04,-41.8697,-73.8203,44.22,72,36,22.01
291,Wonthaggi,AU,2022-03-29 07:04:04,-38.6044,145.5913,64.81,75,100,9.1
292,Stromness,GB,2022-03-29 07:04:04,58.965,-3.296,37.36,89,100,5.99
293,Alta,NO,2022-03-29 07:04:05,69.9689,23.2717,26.19,87,100,21.85
294,Guerrero Negro,MX,2022-03-29 07:04:05,27.9769,-114.0611,61.63,83,96,12.08
295,Qianan,CN,2022-03-29 07:04:05,44.9932,124.0581,42.98,29,100,13.49
296,Vao,NC,2022-03-29 07:04:06,-22.6667,167.4833,78.55,78,100,15.99
297,Kasempa,ZM,2022-03-29 07:04:06,-13.4584,25.8338,65.08,95,100,7.58
298,Fukue,JP,2022-03-29 07:04:06,32.6881,128.8419,59.97,77,37,9.75
299,Garowe,SO,2022-03-29 07:04:07,8.4054,48.4845,84.34,42,3,18.88
300,Laguna,US,2022-03-29 07:04:07,38.421,-121.4238,51.01,94,0,0.0
301,De Aar,ZA,2022-03-29 07:04:07,-30.6497,24.0123,71.96,45,20,24.65
302,Pochutla,MX,2022-03-29 07:04:08,15.7432,-96.4661,73.81,58,0,4.14
303,Namatanai,PG,2022-03-29 07:04:08,-3.6667,152.4333,83.03,74,54,14.9
304,Beira,MZ,2022-03-29 07:04:08,-19.8436,34.8389,76.42,77,100,7.83
305,Port Hueneme,US,2022-03-29 07:04:09,34.1478,-119.1951,54.57,94,100,3.44
306,Paso De Los Toros,UY,2022-03-29 07:04:09,-32.8167,-56.5167,59.68,72,0,8.75
307,Iskateley,RU,2022-03-29 07:04:09,67.6803,53.1512,15.28,89,100,8.5
308,Owerri,NG,2022-03-29 07:04:10,5.4833,7.0304,82.27,75,6,3.29
309,Usinsk,RU,2022-03-29 07:04:10,65.9939,57.5281,15.28,86,100,11.81
310,Manbij,SY,2022-03-29 07:04:10,36.5281,37.9549,57.56,45,56,6.98
311,Sembe,CG,2022-03-29 07:04:11,1.6481,14.5806,76.59,71,97,3.02
312,Bac Lieu,VN,2022-03-29 07:04:11,9.285,105.7244,89.22,57,27,15.26
313,Saint-Jean-De-Luz,FR,2022-03-29 07:03:48,43.3891,-1.6581,57.72,80,0,4.61
314,Havre-Saint-Pierre,CA,2022-03-29 07:04:11,50.2334,-63.5986,32.36,93,100,4.61
315,Batemans Bay,AU,2022-03-29 07:04:12,-35.7167,150.1833,74.91,78,100,7.81
316,Glenluce,GB,2022-03-29 07:04:12,54.8798,-4.8084,47.37,89,97,2.66
317,Mareeba,AU,2022-03-29 07:04:13,-17.0,145.4333,79.52,75,100,3.71
318,Nome,US,2022-03-29 07:04:13,64.5011,-165.4064,17.67,73,0,9.22
319,Lodja,CD,2022-03-29 07:04:13,-3.4833,23.4333,69.19,99,100,1.88
320,Gondanglegi,ID,2022-03-29 07:04:13,-7.7479,112.0132,88.27,65,40,5.44
321,Lima,PE,2022-03-29 07:01:03,-12.0432,-77.0282,73.9,71,100,6.24
322,Gao,ML,2022-03-29 07:02:59,16.6362,1.637,75.49,7,4,9.86
323,Belyy Yar,RU,2022-03-29 07:04:14,53.6039,91.3903,46.29,45,0,2.24
324,Payo,ID,2022-03-29 07:05:14,-3.7508,103.6372,91.6,46,100,4.61
325,Geraldton,AU,2022-03-29 07:05:15,-28.7667,114.6,77.41,65,75,26.46
326,Lerwick,GB,2022-03-29 07:05:15,60.1545,-1.1494,37.4,62,96,14.81
327,Kuloy,RU,2022-03-29 07:05:15,61.0305,42.4925,21.34,88,100,6.91
328,Necochea,AR,2022-03-29 07:05:15,-38.5473,-58.7368,65.34,63,100,14.45
329,Samarai,PG,2022-03-29 07:05:16,-10.6167,150.6667,84.42,69,100,3.04
330,Tankara,IN,2022-03-29 07:05:16,22.6667,70.7333,99.54,15,5,15.17
331,Ust-Maya,RU,2022-03-29 07:05:16,60.4167,134.5333,28.99,80,100,3.8
332,Djenne,ML,2022-03-29 07:05:17,13.9061,-4.5533,80.67,8,2,8.99
333,Victoria,HK,2022-03-29 07:02:59,22.2855,114.1577,71.26,79,94,10.0
334,Elkhart,US,2022-03-29 07:03:10,41.5823,-85.8344,24.39,79,0,0.0
335,Shahr-E Babak,IR,2022-03-29 07:05:17,30.1165,55.1186,60.75,7,0,4.63
336,Castro,BR,2022-03-29 07:05:17,-24.7911,-50.0119,59.83,98,58,6.46
337,Buala,SB,2022-03-29 07:05:18,-8.145,159.5921,81.55,80,100,2.48
338,Viedma,AR,2022-03-29 07:02:17,-40.8135,-62.9967,63.36,42,2,19.13
339,Am Timan,TD,2022-03-29 07:05:18,11.0297,20.2827,83.35,9,54,10.16
340,Sassandra,CI,2022-03-29 07:05:18,4.95,-6.0833,78.93,91,100,4.05
341,Grand Gaube,MU,2022-03-29 07:05:19,-20.0064,57.6608,84.6,67,0,4.0
342,Mutsu,JP,2022-03-29 07:05:19,41.2894,141.2169,46.92,51,0,4.7
343,Codrington,AU,2022-03-29 07:05:19,-38.2667,141.9667,60.93,63,95,10.29
344,Ixtapa,MX,2022-03-29 07:01:29,20.7,-105.2,67.23,80,4,3.11
345,Kraskino,RU,2022-03-29 07:05:20,42.7114,130.7794,44.1,61,100,5.5
346,Chuguyevka,RU,2022-03-29 07:05:20,44.1653,133.8633,47.41,53,100,10.38
347,Sibolga,ID,2022-03-29 07:05:20,1.7427,98.7792,86.0,58,73,6.08
348,Boende,CD,2022-03-29 07:05:21,-0.2167,20.8667,74.79,83,99,4.79
349,Romitan,UZ,2022-03-29 07:05:21,39.9343,64.3814,46.35,39,40,13.8
350,Kijang,KR,2022-03-29 07:05:21,35.2442,129.2139,55.99,45,0,6.64
351,Mahanoro,MG,2022-03-29 07:05:21,-19.9,48.8,78.17,76,100,12.3
352,Mitsamiouli,KM,2022-03-29 07:05:22,-11.3847,43.2844,83.88,72,96,9.04
353,Adrar,MR,2022-03-29 07:05:22,20.5022,-10.0711,71.56,35,100,9.51
354,Pitimbu,BR,2022-03-29 07:05:23,-7.4706,-34.8086,75.79,75,100,9.42
355,Hillsboro,US,2022-03-29 07:05:23,45.5229,-122.9898,52.09,83,0,9.22
356,Sinnamary,GF,2022-03-29 07:05:23,5.3833,-52.95,77.52,81,100,13.76
357,Barra Do Garcas,BR,2022-03-29 07:05:24,-15.89,-52.2567,72.19,91,100,1.86
358,Gizo,SB,2022-03-29 07:05:24,-8.103,156.8419,83.62,76,84,8.59
359,Pingliang,CN,2022-03-29 07:05:24,35.5392,106.6861,59.83,25,100,13.15
360,Bontang,ID,2022-03-29 07:05:24,0.1333,117.5,83.77,73,68,9.98
361,Taoudenni,ML,2022-03-29 07:05:25,22.6783,-3.9836,84.99,11,69,5.35
362,Balingasay,PH,2022-03-29 07:05:25,16.3573,119.8564,86.9,63,32,8.32
363,Korhogo,CI,2022-03-29 07:05:25,9.45,-5.6333,78.67,52,85,4.16
364,Makakilo City,US,2022-03-29 07:05:26,21.3469,-158.0858,73.69,71,0,0.0
365,Zholymbet,KZ,2022-03-29 07:05:26,51.7433,71.7122,32.76,100,100,17.87
366,Opuwo,NA,2022-03-29 07:05:26,-18.0607,13.84,73.99,40,22,2.82
367,Vardo,NO,2022-03-29 07:05:26,70.3705,31.1107,26.58,93,100,31.07
368,Ondjiva,AO,2022-03-29 07:05:27,-17.0667,15.7333,71.53,42,19,4.03
369,Celestun,MX,2022-03-29 07:06:27,20.8667,-90.4,74.46,68,0,14.41
370,Iranshahr,IR,2022-03-29 07:06:27,27.2025,60.6848,86.22,8,0,2.98
371,Chumikan,RU,2022-03-29 07:06:28,54.7183,135.315,23.49,86,100,7.54
372,Biak,ID,2022-03-29 07:06:28,-0.9131,122.8766,82.02,74,94,3.06
373,Qaqortoq,GL,2022-03-29 07:06:28,60.7167,-46.0333,22.51,74,10,4.97
374,Nushki,PK,2022-03-29 07:06:29,29.5542,66.0215,81.21,6,0,9.6
375,Carnarvon,AU,2022-03-29 07:06:29,-24.8667,113.6333,82.0,64,4,18.41
376,Carutapera,BR,2022-03-29 07:06:29,-1.195,-46.02,74.8,97,100,3.58
377,Mnogovershinnyy,RU,2022-03-29 07:06:29,53.9353,139.9242,27.97,83,100,5.3
378,San-Pedro,CI,2022-03-29 07:06:30,4.7485,-6.6363,79.43,90,98,3.71
379,Satipo,PE,2022-03-29 07:06:30,-11.2522,-74.6386,68.36,88,98,0.96
380,Namie,JP,2022-03-29 07:06:30,37.4833,141.0,52.72,64,100,12.86
381,Praya,CV,2022-03-29 07:06:30,14.9215,-23.5087,68.54,77,40,14.97
382,Biltine,TD,2022-03-29 07:06:31,14.5333,20.9167,78.1,5,6,16.62
383,Stende,LV,2022-03-29 07:06:31,57.15,22.5333,32.41,63,100,11.45
384,Yumen,CN,2022-03-29 07:06:31,40.2833,97.2,55.08,14,0,19.84
385,Rafraf,TN,2022-03-29 07:06:32,37.1904,10.1837,52.11,80,100,13.8
386,Bandarbeyla,SO,2022-03-29 07:06:32,9.4942,50.8122,83.23,62,26,15.41
387,Ouallam,NE,2022-03-29 07:06:32,14.3188,2.0866,76.05,6,10,12.21
388,Richards Bay,ZA,2022-03-29 07:06:32,-28.783,32.0377,78.42,61,0,16.91
389,Kon Tum,VN,2022-03-29 07:06:33,14.35,108.0,89.78,41,84,1.92
390,Yining,CN,2022-03-29 07:06:33,29.0361,114.5636,72.5,51,100,5.14
391,Severo-Kurilsk,RU,2022-03-29 07:06:33,50.6789,156.125,28.62,76,91,38.48
392,Taltal,CL,2022-03-29 07:06:34,-25.4,-70.4833,62.69,84,38,1.16
393,Boa Vista,BR,2022-03-29 07:06:16,2.8197,-60.6733,78.78,73,75,11.5
394,Okhotsk,RU,2022-03-29 07:06:34,59.3833,143.3,24.39,75,12,7.47
395,Vostok,RU,2022-03-29 07:06:34,46.4856,135.8833,40.17,78,96,12.84
396,Grafton,US,2022-03-29 07:06:35,42.207,-71.6856,18.82,55,0,16.11
397,Souillac,MU,2022-03-29 07:06:35,-20.5167,57.5167,84.58,65,40,3.44
398,Mogadishu,SO,2022-03-29 07:06:35,2.0371,45.3438,85.5,61,10,17.4
399,Anju,KP,2022-03-29 07:06:36,39.6178,125.6647,55.06,25,17,10.85
400,Port Blair,IN,2022-03-29 07:06:36,11.6667,92.75,86.04,74,40,5.75
401,Ziro,IN,2022-03-29 07:06:36,27.6333,93.8333,57.94,52,89,0.87
402,Kommunar,RU,2022-03-29 07:06:36,59.6206,30.39,26.51,80,100,6.42
403,Xining,CN,2022-03-29 07:06:37,36.6167,101.7667,53.46,26,100,10.94
404,Waitati,NZ,2022-03-29 07:06:37,-45.75,170.5667,59.81,74,100,1.99
405,Atasu,KZ,2022-03-29 07:06:37,48.6814,71.6433,34.77,98,100,28.43
406,Livingston,GB,2022-03-29 07:06:38,55.9029,-3.5226,41.81,98,75,1.14
407,Altamira,BR,2022-03-29 07:06:38,-3.2033,-52.2064,70.52,100,100,1.63
408,Anadyr,RU,2022-03-29 07:06:38,64.75,177.4833,-5.01,83,0,2.24
409,Rio Bueno,CL,2022-03-29 07:06:39,-40.3167,-72.9667,46.54,92,35,5.23
410,Liberal,US,2022-03-29 07:06:39,37.0431,-100.921,51.04,61,0,5.75
411,Shelburne,CA,2022-03-29 07:06:39,44.0787,-80.2041,14.76,84,49,8.57
412,Palu,ID,2022-03-29 07:06:40,-0.8917,119.8707,88.29,62,60,4.07
413,Tuensang,IN,2022-03-29 07:06:40,26.2833,94.8333,73.67,50,97,2.01
414,Kirensk,RU,2022-03-29 07:07:40,57.7853,108.1119,27.82,70,100,8.21
415,Ngunguru,NZ,2022-03-29 07:07:37,-35.6167,174.5,67.69,74,6,6.96
416,Anderson,US,2022-03-29 07:06:31,34.5334,-82.6499,48.78,63,0,3.44
417,Antalaha,MG,2022-03-29 07:07:41,-14.9003,50.2788,84.0,65,13,6.08
418,Yulara,AU,2022-03-29 07:07:41,-25.2406,130.9889,93.04,12,40,9.22
419,Hammerfest,NO,2022-03-29 07:04:51,70.6634,23.6821,27.05,80,75,21.85
420,Vredendal,ZA,2022-03-29 07:07:41,-31.6683,18.5012,66.58,72,28,7.61
421,Wairoa,NZ,2022-03-29 07:07:42,-39.0333,177.3667,63.55,99,64,1.99
422,Encarnacion,PY,2022-03-29 07:07:42,-27.3333,-55.9,72.12,83,0,3.44
423,Ilulissat,GL,2022-03-29 07:07:42,69.2167,-51.1,26.62,63,87,0.0
424,Bubaque,GW,2022-03-29 07:07:43,11.2833,-15.8333,77.63,67,23,11.16
425,Fort Saint James,CA,2022-03-29 07:07:43,54.4333,-124.25,27.21,90,17,2.21
426,Tessalit,ML,2022-03-29 07:07:43,20.1986,1.0114,78.91,9,8,14.29
427,Stephenville,US,2022-03-29 07:07:44,32.2207,-98.2023,69.24,68,0,14.97
428,Touros,BR,2022-03-29 07:07:44,-5.1989,-35.4608,78.39,83,100,10.54
429,Teguldet,RU,2022-03-29 07:07:44,57.3064,88.1667,34.25,96,100,6.78
430,Boyolangu,ID,2022-03-29 07:07:44,-8.1181,111.8935,84.15,75,63,2.3
431,Ouadda,CF,2022-03-29 07:07:45,8.0777,22.4007,87.71,8,31,7.92
432,Xuddur,SO,2022-03-29 07:07:45,4.1213,43.8894,86.16,37,37,22.41
433,Goderich,CA,2022-03-29 07:07:45,43.7501,-81.7165,26.91,62,100,17.4
434,Alice Springs,AU,2022-03-29 07:04:05,-23.7,133.8833,90.95,17,13,10.36
435,Nagua,DO,2022-03-29 07:07:46,19.3832,-69.8474,71.24,90,52,2.57
436,Kargasok,RU,2022-03-29 07:07:46,59.0556,80.8572,31.51,89,100,9.98
437,Manokwari,ID,2022-03-29 07:07:46,-0.8667,134.0833,82.85,74,100,12.86
438,Emerald,AU,2022-03-29 07:07:34,-23.5333,148.1667,88.34,32,0,13.6
439,Turayf,SA,2022-03-29 07:07:47,31.6725,38.6637,59.47,22,41,15.9
440,Baymak,RU,2022-03-29 07:07:47,52.5933,58.3225,18.32,82,100,17.31
441,Naze,JP,2022-03-29 07:07:47,28.3667,129.4833,64.67,84,98,14.18
442,Channel-Port Aux Basques,CA,2022-03-29 07:06:27,47.5702,-59.1367,33.62,97,100,13.31
443,Tura,IN,2022-03-29 07:07:47,25.5198,90.2201,90.28,27,27,3.58
444,Leningradskiy,RU,2022-03-29 07:07:48,69.3833,178.4167,-14.67,100,19,2.66
445,Dukat,RU,2022-03-29 07:07:48,62.55,155.55,5.47,93,100,7.92
446,Tautira,PF,2022-03-29 07:07:48,-17.7333,-149.15,82.02,73,20,16.42
447,Masterton,NZ,2022-03-29 07:07:49,-40.9597,175.6575,62.89,98,100,2.93
448,Kutahya,TR,2022-03-29 07:07:49,39.4242,29.9833,48.74,52,100,3.36
449,Inhambane,MZ,2022-03-29 07:07:49,-23.865,35.3833,80.38,58,5,10.83
450,High Prairie,CA,2022-03-29 07:07:49,55.4334,-116.4858,24.53,98,22,2.64
451,Hirara,JP,2022-03-29 07:07:50,24.8,125.2833,73.06,84,100,18.52
452,Zyryanka,RU,2022-03-29 07:07:50,65.75,150.85,12.02,85,33,5.5
453,Quilmana,PE,2022-03-29 07:07:50,-12.95,-76.3833,71.73,81,97,3.62
454,Hervey Bay,AU,2022-03-29 07:07:51,-25.2986,152.8535,84.02,56,99,5.99
455,Pozo Colorado,PY,2022-03-29 07:07:51,-23.4923,-58.7972,73.11,70,0,5.44
456,Waynesville,US,2022-03-29 07:07:51,35.4887,-82.9887,40.24,53,40,4.0
457,Ust-Kuyga,RU,2022-03-29 07:07:52,70.0167,135.6,10.02,85,100,3.27
458,Khor,RU,2022-03-29 07:07:52,47.8861,134.9464,39.76,81,100,16.04
459,Dalvik,IS,2022-03-29 07:07:52,65.9702,-18.5286,23.54,86,29,8.5
460,Merced,US,2022-03-29 07:07:52,37.1666,-120.7516,53.06,82,89,6.64
461,Ukiah,US,2022-03-29 07:05:02,39.1502,-123.2078,50.65,94,0,0.0
462,Plastun,RU,2022-03-29 07:08:54,44.7561,136.2939,43.65,74,100,10.27
463,Vanderhoof,CA,2022-03-29 07:06:23,54.0166,-124.0198,28.27,86,18,1.9
464,Ambanja,MG,2022-03-29 07:08:54,-13.6833,48.45,83.26,75,4,2.64
465,Kupino,RU,2022-03-29 07:08:54,54.3663,77.2981,31.28,96,99,11.05
466,Dillon,US,2022-03-29 07:08:55,34.4166,-79.3712,47.03,35,42,10.6
467,Saint-Augustin,CA,2022-03-29 07:08:55,51.226,-58.6502,31.48,93,100,13.49
468,Bichura,RU,2022-03-29 07:08:55,50.5881,107.6022,29.19,61,100,3.38
469,Petrolina De Goias,BR,2022-03-29 07:08:56,-16.095,-49.3381,67.37,75,73,3.11
470,San Luis,AR,2022-03-29 07:08:49,-33.295,-66.3356,66.61,60,0,7.14
471,Pemangkat,ID,2022-03-29 07:08:23,1.1667,108.9667,85.68,67,22,11.21
472,Ossora,RU,2022-03-29 07:08:56,59.2353,163.0719,24.64,91,100,13.89
473,Zambezi,ZM,2022-03-29 07:08:56,-13.5432,23.1047,67.12,95,100,3.69
474,Sobolevo,RU,2022-03-29 07:08:57,54.4299,31.8996,36.81,88,100,11.54
475,Aldan,RU,2022-03-29 07:08:57,58.6031,125.3894,20.97,87,100,13.71
476,Bilibino,RU,2022-03-29 07:08:57,68.0546,166.4372,1.81,85,100,4.54
477,Mitha Tiwana,PK,2022-03-29 07:08:58,32.2486,72.1108,99.1,6,0,7.49
478,Piojo,CO,2022-03-29 07:08:58,10.7485,-75.1078,75.76,84,99,10.85
479,Grand-Santi,GF,2022-03-29 07:08:58,4.25,-54.3833,69.91,99,100,2.1
480,Sorong,ID,2022-03-29 07:08:59,-0.8833,131.25,84.54,69,55,10.74
481,Tateyama,JP,2022-03-29 07:08:59,34.9833,139.8667,54.1,80,100,10.56
482,Fort Nelson,CA,2022-03-29 07:06:23,58.8053,-122.7002,29.16,97,100,2.59
483,Lugovoy,KZ,2022-03-29 07:08:59,42.9472,72.7644,45.66,77,100,27.04
484,Pyay,MM,2022-03-29 07:08:59,18.8167,95.2167,101.68,17,5,0.74
485,Moctezuma,MX,2022-03-29 07:09:00,29.8,-109.6667,63.41,28,55,6.17
486,Port Townsend,US,2022-03-29 07:09:00,48.117,-122.7605,48.18,85,14,1.01
487,Svobodnyy,RU,2022-03-29 07:09:00,51.4,128.1333,31.08,69,100,15.37
488,Havelock,US,2022-03-29 07:09:01,34.8791,-76.9013,40.98,58,6,5.01
489,Shiraz,IR,2022-03-29 07:09:01,29.6036,52.5388,63.84,8,0,0.0
490,Ayan,RU,2022-03-29 07:09:01,56.45,138.1667,22.23,83,100,5.68
491,Tambopata,PE,2022-03-29 07:09:02,-12.7333,-69.1833,73.53,90,92,2.51
492,Lompoc,US,2022-03-29 07:09:02,34.6391,-120.4579,54.12,83,14,11.99
493,Khatra,IN,2022-03-29 07:09:02,22.9833,86.85,103.95,6,100,9.31
494,Salekhard,RU,2022-03-29 07:09:03,66.53,66.6019,31.51,100,100,4.74
495,West Plains,US,2022-03-29 07:09:03,36.7281,-91.8524,47.23,50,100,11.5
496,Pendleton,US,2022-03-29 07:07:47,45.6721,-118.7886,54.88,78,20,4.0
497,Okha,RU,2022-03-29 07:09:03,53.5739,142.9478,31.05,85,100,9.73
498,Ulladulla,AU,2022-03-29 07:09:04,-35.35,150.4667,68.77,89,100,9.42
499,Abu Dhabi,AE,2022-03-29 07:04:23,24.4667,54.3667,77.11,57,0,17.27
500,Bulaevo,KZ,2022-03-29 07:09:04,54.9056,70.4439,32.4,98,100,14.65
501,Markova,UA,2022-03-29 07:09:04,48.6758,24.4138,54.28,51,100,10.65
502,Svetlaya,RU,2022-03-29 07:09:05,46.5389,138.3297,40.35,88,100,15.5
503,Yershov,RU,2022-03-29 07:06:12,51.3513,48.2766,35.65,92,84,23.8
504,Litovko,RU,2022-03-29 07:09:05,49.2361,135.1742,35.22,99,100,10.18
505,Keti Bandar,PK,2022-03-29 07:09:05,24.1447,67.4497,85.71,57,0,18.63
506,Jerez,GT,2022-03-29 07:09:06,14.1,-89.75,65.98,85,11,4.16
507,Sringeri,IN,2022-03-29 07:09:06,13.4167,75.25,94.1,35,0,6.13
508,Kokopo,PG,2022-03-29 07:10:06,-4.352,152.2633,83.17,75,100,12.08
509,Ndele,CF,2022-03-29 07:10:07,8.4109,20.6473,86.27,11,31,4.25
510,Hayden,US,2022-03-29 07:08:07,47.766,-116.7866,54.16,76,75,4.61
511,Beringovskiy,RU,2022-03-29 07:10:07,63.05,179.3167,-1.25,99,100,8.28
512,Paita,PE,2022-03-29 07:10:08,-5.0892,-81.1144,71.49,79,83,9.08
513,Benguela,AO,2022-03-29 07:10:08,-12.5763,13.4055,78.37,78,32,2.77
514,Samana,DO,2022-03-29 07:10:08,19.2056,-69.3369,72.48,88,20,4.97
515,Nelson Bay,AU,2022-03-29 07:09:10,-32.7167,152.15,73.99,91,100,11.95
516,Muisne,EC,2022-03-29 07:10:09,0.6,-80.0333,75.81,94,100,6.2
517,Thunder Bay,CA,2022-03-29 07:10:09,48.4001,-89.3168,5.02,98,56,1.52
518,Les Cayes,HT,2022-03-29 07:10:09,18.2,-73.75,73.94,78,100,8.32
519,Barpali,IN,2022-03-29 07:10:10,21.2,83.5833,104.13,7,94,8.19
520,Half Moon Bay,US,2022-03-29 07:10:10,37.4636,-122.4286,53.92,89,100,6.91
521,Bafia,CM,2022-03-29 07:10:10,4.75,11.2333,79.88,64,67,3.49
522,Marawi,PH,2022-03-29 07:10:11,7.9986,124.2928,78.91,77,100,3.8
523,Milkovo,RU,2022-03-29 07:10:11,54.7167,158.6167,30.25,78,97,6.17
524,Takoradi,GH,2022-03-29 07:10:11,4.8845,-1.7554,81.57,84,10,5.68
525,Kildinstroy,RU,2022-03-29 07:10:12,68.8049,33.1,25.11,93,75,8.95
526,Waren,DE,2022-03-29 07:10:12,53.5167,12.6833,38.93,80,72,10.11
527,Vagur,FO,2022-03-29 07:10:12,61.4732,-6.8119,36.64,59,100,18.75
528,Rio Grande,BR,2022-03-29 07:10:13,-32.035,-52.0986,61.95,77,0,15.66
529,Dutlwe,BW,2022-03-29 07:10:13,-23.9833,23.9,70.52,53,0,17.38
530,Alta Floresta,BR,2022-03-29 07:10:13,-9.8756,-56.0861,69.49,98,100,1.7
531,Grasse,FR,2022-03-29 07:10:14,43.6667,6.9167,53.1,45,0,4.61
532,Zhigansk,RU,2022-03-29 07:10:14,66.7697,123.3711,13.48,77,100,6.35
533,Chapais,CA,2022-03-29 07:10:14,49.7834,-74.8492,1.89,94,100,7.4
534,Sao Joao Do Piaui,BR,2022-03-29 07:10:14,-8.3581,-42.2467,74.32,80,100,3.6
535,Kropotkin,RU,2022-03-29 07:07:26,45.4375,40.5756,47.34,42,0,15.64
536,Shieli,KZ,2022-03-29 07:10:15,44.1667,66.75,41.7,38,100,27.92
537,Ndioum,SN,2022-03-29 07:10:15,16.5129,-14.6471,72.03,50,94,12.41
538,Mount Isa,AU,2022-03-29 07:06:30,-20.7333,139.5,92.97,15,8,13.8
539,Sale,MA,2022-03-29 07:10:15,34.0389,-6.8166,59.68,100,100,0.0
540,Castleisland,IE,2022-03-29 07:10:16,52.2333,-9.4667,43.74,90,0,1.61
541,Inongo,CD,2022-03-29 07:10:16,-1.95,18.2667,73.85,86,98,4.21
542,Luziania,BR,2022-03-29 07:09:08,-16.2525,-47.9503,71.29,70,52,2.89
543,Hunterville,NZ,2022-03-29 07:10:16,-39.9333,175.5667,64.69,96,89,3.65
544,Kimovsk,RU,2022-03-29 07:10:17,53.9716,38.5319,33.44,95,76,14.65
545,Kuytun,RU,2022-03-29 07:10:17,54.3419,101.5036,26.11,78,73,0.85
546,Moerai,PF,2022-03-29 07:10:17,-22.4333,-151.3333,81.09,71,100,5.95
547,Tirumullaivasal,IN,2022-03-29 07:10:18,11.2333,79.8333,91.42,57,10,12.75
548,General Pico,AR,2022-03-29 07:07:39,-35.6566,-63.7568,63.25,74,5,4.76
549,Tarko-Sale,RU,2022-03-29 07:10:18,64.9225,77.785,28.69,90,100,20.51
550,Dedovichi,RU,2022-03-29 07:10:18,57.5517,29.9502,23.7,80,100,6.42
551,Korla,CN,2022-03-29 07:10:19,41.7597,86.1469,59.43,22,100,5.75
552,Baft,IR,2022-03-29 07:11:19,29.234,56.6057,61.63,11,0,4.0
553,Baykit,RU,2022-03-29 07:11:19,61.67,96.37,28.47,74,100,5.57
554,Isangel,VU,2022-03-29 07:11:20,-19.55,169.2667,80.74,84,95,8.14
555,Satuk,TR,2022-03-29 07:11:20,41.2263,32.3836,46.18,57,97,3.98
556,Hilton Head Island,US,2022-03-29 07:11:20,32.2163,-80.7526,60.98,60,0,5.75
557,Bahia De Caraquez,EC,2022-03-29 07:11:21,-0.6,-80.4167,77.18,91,100,2.04
558,Moron,AR,2022-03-29 07:11:21,-34.6534,-58.6198,71.49,79,0,5.75
559,Coihaique,CL,2022-03-29 07:11:21,-45.5752,-72.0662,36.21,93,0,3.44
560,Alihe,CN,2022-03-29 07:11:22,50.5667,123.7167,32.4,39,100,13.09
561,Manzhouli,CN,2022-03-29 07:11:22,49.6,117.4333,32.2,13,0,17.27
562,Vaitape,PF,2022-03-29 07:11:22,-16.5167,-151.75,82.33,74,12,18.28
563,Shubarkuduk,KZ,2022-03-29 07:11:23,49.1447,56.4872,26.22,80,94,22.73
564,Pimentel,PE,2022-03-29 07:11:23,-6.8367,-79.9342,69.44,86,69,11.12
565,Linkoping,SE,2022-03-29 07:11:23,58.4109,15.6216,33.78,57,0,9.22
566,Nouadhibou,MR,2022-03-29 07:11:24,20.931,-17.0347,64.02,89,0,13.91
567,Caravelas,BR,2022-03-29 07:11:24,-17.7125,-39.2481,74.59,90,94,4.56
568,Katherine,AU,2022-03-29 07:11:24,-14.4667,132.2667,98.92,20,40,8.05
569,Gbarnga,LR,2022-03-29 07:11:25,6.9956,-9.4722,72.43,96,96,0.94
570,Birnin Kebbi,NG,2022-03-29 07:11:25,12.4539,4.1975,75.45,6,11,13.4
571,Micheweni,TZ,2022-03-29 07:11:25,-4.9667,39.8333,85.59,67,89,2.57
572,Hay River,CA,2022-03-29 07:11:25,60.8156,-115.7999,-0.44,85,40,5.75
573,Ardabil,IR,2022-03-29 07:06:37,38.2498,48.2933,31.55,86,40,4.61
574,Dolores,AR,2022-03-29 07:11:26,-36.3132,-57.6792,59.85,91,4,8.77
575,Marsh Harbour,BS,2022-03-29 07:11:26,26.5412,-77.0636,72.54,66,24,7.99
576,Marigot,MF,2022-03-29 07:11:26,18.0667,-63.0833,77.04,76,52,10.65
577,Neiafu,TO,2022-03-29 07:11:27,-18.65,-173.9833,81.72,78,100,12.53
578,Tamiahua,MX,2022-03-29 07:11:27,21.2667,-97.45,67.24,96,20,2.71
579,Charcas,MX,2022-03-29 07:11:27,23.1333,-101.1167,58.28,47,53,5.12
580,San Matias,BO,2022-03-29 07:11:27,-16.3667,-58.4,73.62,92,58,3.47
581,Kandy,LK,2022-03-29 07:07:44,7.2955,80.6356,92.17,39,15,2.28
582,Tibati,CM,2022-03-29 07:11:28,6.4667,12.6333,77.31,15,8,2.55
